{
  "images": [
    {
      "idiom": "universal",
      "platform": "ios",
      "size": "1024x1024",
      "filename": "AppIcon.png"
    },
    {
      "appearances": [
        {
          "appearance": "luminosity",
          "value": "dark"
        }
      ],
      "idiom": "universal",
      "platform": "ios",
      "size": "1024x1024",
      "filename": "AppIcon-dark.png"
    },
    {
      "appearances": [
        {
          "appearance": "luminosity",
          "value": "tinted"
        }
      ],
      "idiom": "universal",
      "platform": "ios",
      "size": "1024x1024",
      "filename": "AppIcon-tinted.png"
    }
  ],
  "info": {
    "author": "xcode",
    "version": 1
  }
}